generator,run_idx,seed,ll_M1,ll_M2,ll_M3,winner
M1,1,869,-29.462521369867375,-37.22297470536138,-18.20412895051546,M3
