{
  "k2_vs_k1_grid_results_A.npz": {
    "file": "C:\\Users\\Jacob Poschl\\reusable profiles in active inference\\active-inference-reusable-profiles\\results\\data\\k2_vs_k1_grid_results_A.npz",
    "keys": [
      "prob_rewards",
      "prob_hints",
      "ll_k1",
      "ll_k2",
      "acc_k1",
      "acc_k2",
      "bic_k1",
      "bic_k2",
      "ll_delta",
      "acc_delta",
      "bic_delta"
    ],
    "arrays": {
      "prob_rewards": {
        "dtype": "float64",
        "shape": [
          4
        ],
        "min": 0.65,
        "mean": 0.8,
        "max": 0.95,
        "std": 0.11180339887498945
      },
      "prob_hints": {
        "dtype": "float64",
        "shape": [
          4
        ],
        "min": 0.65,
        "mean": 0.8,
        "max": 0.95,
        "std": 0.11180339887498945
      },
      "ll_k1": {
        "dtype": "float64",
        "shape": [
          4,
          4
        ],
        "min": -0.7648729286546444,
        "mean": -0.3405707635982547,
        "max": -0.11448649190610602,
        "std": 0.2077562280629561
      },
      "ll_k2": {
        "dtype": "float64",
        "shape": [
          4,
          4
        ],
        "min": -0.2534459100886223,
        "mean": -0.10902408376714529,
        "max": -0.022688232424527187,
        "std": 0.06350456786264252
      },
      "acc_k1": {
        "dtype": "float64",
        "shape": [
          4,
          4
        ],
        "min": 0.7325,
        "mean": 0.8628125,
        "max": 0.9315,
        "std": 0.06947194802580392
      },
      "acc_k2": {
        "dtype": "float64",
        "shape": [
          4,
          4
        ],
        "min": 0.590625,
        "mean": 0.8219218749999999,
        "max": 0.908125,
        "std": 0.09120464278332752
      },
      "bic_k1": {
        "dtype": "float64",
        "shape": [
          4,
          4
        ],
        "min": 1858.7454609596823,
        "mean": 5476.093808034061,
        "max": 12264.928448936296,
        "std": 3324.0996490072976
      },
      "bic_k2": {
        "dtype": "float64",
        "shape": [
          4,
          4
        ],
        "min": 425.9220965370688,
        "mean": 1807.295718018958,
        "max": 4118.04493916259,
        "std": 1016.0730858022803
      },
      "ll_delta": {
        "dtype": "float64",
        "shape": [
          4,
          4
        ],
        "min": 0.044372628975310094,
        "mean": 0.23154667983110944,
        "max": 0.5996417202386515,
        "std": 0.15702406636298677,
        "figure_png": "C:\\Users\\Jacob Poschl\\reusable profiles in active inference\\active-inference-reusable-profiles\\results\\figures\\k2_vs_k1_grid_results_A_ll_delta.png",
        "figure_pdf": "C:\\Users\\Jacob Poschl\\reusable profiles in active inference\\active-inference-reusable-profiles\\results\\figures\\k2_vs_k1_grid_results_A_ll_delta.pdf"
      },
      "acc_delta": {
        "dtype": "float64",
        "shape": [
          4,
          4
        ],
        "min": -0.16862500000000002,
        "mean": -0.04089062500000002,
        "max": 0.05124999999999991,
        "std": 0.05043924011480917,
        "figure_png": "C:\\Users\\Jacob Poschl\\reusable profiles in active inference\\active-inference-reusable-profiles\\results\\figures\\k2_vs_k1_grid_results_A_acc_delta.png",
        "figure_pdf": "C:\\Users\\Jacob Poschl\\reusable profiles in active inference\\active-inference-reusable-profiles\\results\\figures\\k2_vs_k1_grid_results_A_acc_delta.pdf"
      },
      "bic_delta": {
        "dtype": "float64",
        "shape": [
          4,
          4
        ],
        "min": -9558.318736535775,
        "mean": -3668.7980900151033,
        "max": -674.0132763223137,
        "std": 2512.385061807788,
        "figure_png": "C:\\Users\\Jacob Poschl\\reusable profiles in active inference\\active-inference-reusable-profiles\\results\\figures\\k2_vs_k1_grid_results_A_bic_delta.png",
        "figure_pdf": "C:\\Users\\Jacob Poschl\\reusable profiles in active inference\\active-inference-reusable-profiles\\results\\figures\\k2_vs_k1_grid_results_A_bic_delta.pdf"
      }
    }
  },
  "k2_vs_k1_grid_results_B.npz": {
    "file": "C:\\Users\\Jacob Poschl\\reusable profiles in active inference\\active-inference-reusable-profiles\\results\\data\\k2_vs_k1_grid_results_B.npz",
    "keys": [
      "prob_rewards",
      "prob_hints",
      "ll_k1",
      "ll_k2",
      "acc_k1",
      "acc_k2",
      "bic_k1",
      "bic_k2",
      "ll_delta",
      "acc_delta",
      "bic_delta"
    ],
    "arrays": {
      "prob_rewards": {
        "dtype": "float64",
        "shape": [
          4
        ],
        "min": 0.65,
        "mean": 0.8,
        "max": 0.95,
        "std": 0.11180339887498945
      },
      "prob_hints": {
        "dtype": "float64",
        "shape": [
          4
        ],
        "min": 0.65,
        "mean": 0.8,
        "max": 0.95,
        "std": 0.11180339887498945
      },
      "ll_k1": {
        "dtype": "float64",
        "shape": [
          4,
          4
        ],
        "min": -0.8168853140545018,
        "mean": -0.41013734487891707,
        "max": -0.1410711320960624,
        "std": 0.22641685711533407
      },
      "ll_k2": {
        "dtype": "float64",
        "shape": [
          4,
          4
        ],
        "min": -0.2291482780953588,
        "mean": -0.0822224866543669,
        "max": -0.017341571863617206,
        "std": 0.06187333137600997
      },
      "acc_k1": {
        "dtype": "float64",
        "shape": [
          4,
          4
        ],
        "min": 0.75575,
        "mean": 0.8653515625,
        "max": 0.9315,
        "std": 0.06555237378231313
      },
      "acc_k2": {
        "dtype": "float64",
        "shape": [
          4,
          4
        ],
        "min": 0.738,
        "mean": 0.8655625,
        "max": 0.9275,
        "std": 0.06356254609142872
      },
      "bic_k1": {
        "dtype": "float64",
        "shape": [
          4,
          4
        ],
        "min": 2284.0997039989843,
        "mean": 6589.15910852466,
        "max": 13097.126615334015,
        "std": 3622.6697138453455
      },
      "bic_k2": {
        "dtype": "float64",
        "shape": [
          4,
          4
        ],
        "min": 340.3755275625091,
        "mean": 1378.4701642145042,
        "max": 3729.2828272703746,
        "std": 989.9733020161596
      },
      "ll_delta": {
        "dtype": "float64",
        "shape": [
          4,
          4
        ],
        "min": 0.10067485848234864,
        "mean": 0.32791485822455013,
        "max": 0.5877370359591431,
        "std": 0.1704213677674341,
        "figure_png": "C:\\Users\\Jacob Poschl\\reusable profiles in active inference\\active-inference-reusable-profiles\\results\\figures\\k2_vs_k1_grid_results_B_ll_delta.png",
        "figure_pdf": "C:\\Users\\Jacob Poschl\\reusable profiles in active inference\\active-inference-reusable-profiles\\results\\figures\\k2_vs_k1_grid_results_B_ll_delta.pdf"
      },
      "acc_delta": {
        "dtype": "float64",
        "shape": [
          4,
          4
        ],
        "min": -0.017750000000000044,
        "mean": 0.00021093750000001493,
        "max": 0.049125000000000085,
        "std": 0.013287588101630571,
        "figure_png": "C:\\Users\\Jacob Poschl\\reusable profiles in active inference\\active-inference-reusable-profiles\\results\\figures\\k2_vs_k1_grid_results_B_acc_delta.png",
        "figure_pdf": "C:\\Users\\Jacob Poschl\\reusable profiles in active inference\\active-inference-reusable-profiles\\results\\figures\\k2_vs_k1_grid_results_B_acc_delta.pdf"
      },
      "bic_delta": {
        "dtype": "float64",
        "shape": [
          4,
          4
        ],
        "min": -9367.843788063641,
        "mean": -5210.6889443101545,
        "max": -1574.8489484349302,
        "std": 2726.7418842789457,